Subreddit,Tema,Src
nextfuckinglevel,real story of david goggins,https://styles.redditmedia.com/t5_m0bnr/styles/communityIcon_qanlm185crr71.png
LoveOnTheSpectrumShow,why david is awesome,https://styles.redditmedia.com/t5_2wmd5j/styles/communityIcon_pzz21rjpizc51.png
ShirinDavid,shirin david,https://styles.redditmedia.com/t5_htsbz/styles/communityIcon_74zg29sj7dc81.png
howyoudoin,david was screwed up so badly,https://b.thumbs.redditmedia.com/FR7h7aY2ZyjwogCVzGTKy-X-C8CKPbGUviyTLEPr_vc.png
ShirinDavid,meine favs von shirin david,https://styles.redditmedia.com/t5_htsbz/styles/communityIcon_74zg29sj7dc81.png
thelastofus,controversial topic was david really that bad of,https://styles.redditmedia.com/t5_2t7gp/styles/communityIcon_nq16heyqnm871.png
ShirinDavid,nipple shirin david,https://styles.redditmedia.com/t5_htsbz/styles/communityIcon_74zg29sj7dc81.png
Animorphs,why did they struggle with david so much,https://styles.redditmedia.com/t5_2s401/styles/communityIcon_f25mzztsnxx31.png
VindictaRateCelebs,shirin david germany based rapper,https://styles.redditmedia.com/t5_458lb9/styles/communityIcon_90t40w86dbj71.jpg?format=pjpg&s=3d3267a00d8422835fdba7d2a69143670fa8d01b
90DayFiance,which david is the worst david the david who made,https://styles.redditmedia.com/t5_34i5y/styles/communityIcon_3zc0xci0gry41.jpg?format=pjpg&s=a7a614b0541d2cbad5042efc4260fa0f4190498c
h3h3productions,david dobrik dat you,https://styles.redditmedia.com/t5_3345f/styles/communityIcon_84k2bwp6i6hc1.jpg?format=pjpg&s=057f5f774b4d09712d318c2a71ae2cb73fbcb608
thelastofus,they made david even more creepy,https://styles.redditmedia.com/t5_2t7gp/styles/communityIcon_nq16heyqnm871.png
TerrifyingAsFuck,david parker ray real voice orientation tape,https://styles.redditmedia.com/t5_31d92/styles/communityIcon_18bb56fhnft81.png
lifeisstrange,no spoilers why do people like david,https://styles.redditmedia.com/t5_32tf7/styles/communityIcon_ds358e5fomn61.png
h3h3productions,if anyone was curious what david dobrik does for,https://styles.redditmedia.com/t5_3345f/styles/communityIcon_84k2bwp6i6hc1.jpg?format=pjpg&s=057f5f774b4d09712d318c2a71ae2cb73fbcb608
90DayFiance,i like david but,https://styles.redditmedia.com/t5_34i5y/styles/communityIcon_3zc0xci0gry41.jpg?format=pjpg&s=a7a614b0541d2cbad5042efc4260fa0f4190498c
ChikaPH,renz reacted sa chika post awhile ago,https://styles.redditmedia.com/t5_9ht71h/styles/communityIcon_jfkng20k5pvb1.png
QVC,david,https://styles.redditmedia.com/t5_2u7vz/styles/communityIcon_aej0wi0j9e0a1.jpg?format=pjpg&s=eb970a925dc1cf9259855bb9f3d511e1f18c7cd3
UFOs,megathread congressional hearing on uap july 26,https://styles.redditmedia.com/t5_2qhds/styles/communityIcon_5vtwnnhesrd71.png
namenerds,what are your opinions about the name david,https://styles.redditmedia.com/t5_2xmrc/styles/communityIcon_jm3b9gggoxc51.png
funnyvideos,not under david beckhams watch,https://styles.redditmedia.com/t5_2qoos/styles/communityIcon_dhipgdtgru941.png
cyberpunkgame,what was davids motivation,https://styles.redditmedia.com/t5_3az7x/styles/communityIcon_zt6ptc6fpaqb1.png
soccer,david ornstein arsenal exploring move for,https://styles.redditmedia.com/t5_2qi58/styles/communityIcon_fihq6rzyq7q91.png
thelastofus,was david a predator,https://styles.redditmedia.com/t5_2t7gp/styles/communityIcon_nq16heyqnm871.png
popculturechat,m√•neskin singer damiano david,https://styles.redditmedia.com/t5_5rj68d/styles/communityIcon_x03zbk209dq81.png
